metric,months,mean_delta,median_delta,win_rate,simple_t,newey_west_lag,newey_west_stat,newey_west_two_sided_p,bootstrap_repetitions,bootstrap_block_months,bootstrap_ci_95_low,bootstrap_ci_95_high,bootstrap_significant_positive
d10_d1,126,-0.005148667817844155,-0.004499886695472799,0.30952380952380953,-4.814391555038678,4,-4.5210397191040395,6.153663954416497e-06,10000,6,-0.007289102172072216,-0.0026685640010281468,False
top20_excess,126,-0.0017598234461159254,-0.0014092013030604367,0.3492063492063492,-3.3951894254486246,4,-3.110958043705087,0.001864814331573468,10000,6,-0.0027646115286244603,-0.000525673686386447,False
