group_id,Value,Quality,Growth,LowVol,Momentum,FundFlow,Liquidity,Ownership
Value,1.0,0.20324714555519258,-0.04290508845666077,0.26905854604364754,-0.05160784815258484,0.014956545423532808,-0.16042549356074376,0.08136276774330237
Quality,0.20324714555519258,1.0,0.1697550947339313,-0.034756188804882966,-0.0009691807108460497,0.02488309751689114,-0.012259841183721549,0.14680359434821624
Growth,-0.04290508845666077,0.1697550947339313,1.0,-0.10944764319015161,0.04112373155509033,0.003124731869034232,0.052647845659505005,0.040099832229847775
LowVol,0.26905854604364754,-0.034756188804882966,-0.10944764319015161,1.0,0.0013605434190337852,0.043206256718735986,-0.5041749035797378,-0.02416194328239159
Momentum,-0.05160784815258484,-0.0009691807108460497,0.04112373155509033,0.0013605434190337852,1.0,-0.012060747175648803,0.280588015359098,-0.021449948787085567
FundFlow,0.014956545423532808,0.02488309751689114,0.003124731869034232,0.043206256718735986,-0.012060747175648803,1.0,-0.0893677990033693,0.03170368062527039
Liquidity,-0.16042549356074376,-0.012259841183721549,0.052647845659505005,-0.5041749035797378,0.280588015359098,-0.0893677990033693,1.0,0.05486811008371853
Ownership,0.08136276774330237,0.14680359434821624,0.040099832229847775,-0.02416194328239159,-0.021449948787085567,0.03170368062527039,0.05486811008371853,1.0
